,,,,,,,,,,,,,,,,,,,,,,,,,,,,,,,,,,,,,,,,,,,,,,,,,,,,,,,,,,,,,,,,,,,,,,,
74.04725333333333,,,,,,,,,,,,,,,,,,,,,,,,,,,,,,,,,,,,,,,,,,,,,,,,,,,,,,,,,,,,,,,,,,,,,,,
74.3888,69.05701333333333,,,,,,,,,,,,,,,,,,,,,,,,,,,,,,,,,,,,,,,,,,,,,,,,,,,,,,,,,,,,,,,,,,,,,,
73.91098666666666,68.42405333333332,67.58821333333333,,,,,,,,,,,,,,,,,,,,,,,,,,,,,,,,,,,,,,,,,,,,,,,,,,,,,,,,,,,,,,,,,,,,,
74.38015999999999,69.0096,67.71813333333334,62.58693333333335,,,,,,,,,,,,,,,,,,,,,,,,,,,,,,,,,,,,,,,,,,,,,,,,,,,,,,,,,,,,,,,,,,,,
72.4768,67.53808,64.95055999999998,63.35306666666666,63.36847999999999,,,,,,,,,,,,,,,,,,,,,,,,,,,,,,,,,,,,,,,,,,,,,,,,,,,,,,,,,,,,,,,,,,,
71.97056000000002,67.04330666666668,64.56293333333332,62.94832000000003,62.86005333333335,54.692906666666666,,,,,,,,,,,,,,,,,,,,,,,,,,,,,,,,,,,,,,,,,,,,,,,,,,,,,,,,,,,,,,,,,,
77.34021333333334,71.96586666666667,70.72597333333334,67.76512,67.98090666666664,63.42048,62.99082666666668,,,,,,,,,,,,,,,,,,,,,,,,,,,,,,,,,,,,,,,,,,,,,,,,,,,,,,,,,,,,,,,,,
74.39168000000001,76.50421333333333,76.43530666666666,76.57984,76.70181333333332,74.09226666666667,73.61589333333332,79.60122666666668,,,,,,,,,,,,,,,,,,,,,,,,,,,,,,,,,,,,,,,,,,,,,,,,,,,,,,,,,,,,,,,,
75.86240000000001,72.97376,73.98581333333333,73.13365333333336,73.56501333333334,72.58661333333333,72.09205333333333,76.53247999999999,71.82778666666667,,,,,,,,,,,,,,,,,,,,,,,,,,,,,,,,,,,,,,,,,,,,,,,,,,,,,,,,,,,,,,,
75.81664,72.90197333333333,73.98186666666668,73.11290666666666,73.55722666666666,72.56229333333334,71.98975999999999,76.49589333333333,71.81744,65.93488,,,,,,,,,,,,,,,,,,,,,,,,,,,,,,,,,,,,,,,,,,,,,,,,,,,,,,,,,,,,,,
76.44992,69.20762666666664,71.37178666666665,71.43589333333334,71.55888,68.88560000000001,68.57648,74.47173333333335,71.87786666666666,69.16362666666667,69.16304000000001,,,,,,,,,,,,,,,,,,,,,,,,,,,,,,,,,,,,,,,,,,,,,,,,,,,,,,,,,,,,,
76.53968,69.26538666666669,71.57253333333334,71.50805333333332,71.59834666666667,68.95082666666667,68.65792000000002,74.50517333333335,72.08538666666668,69.22752,69.21045333333335,64.66666666666667,,,,,,,,,,,,,,,,,,,,,,,,,,,,,,,,,,,,,,,,,,,,,,,,,,,,,,,,,,,,
76.58314666666668,71.16602666666665,67.71898666666667,69.54186666666666,69.75045333333334,68.36762666666668,67.89328000000002,72.71882666666667,72.20026666666665,68.98592000000002,68.92543999999998,66.84277333333333,67.08885333333335,,,,,,,,,,,,,,,,,,,,,,,,,,,,,,,,,,,,,,,,,,,,,,,,,,,,,,,,,,,
76.53701333333332,71.03978666666667,67.68544,69.37434666666665,69.72325333333332,68.46181333333331,67.89407999999999,72.64330666666667,72.18336,68.85685333333335,68.82709333333334,66.81365333333333,67.04784,62.79621333333334,,,,,,,,,,,,,,,,,,,,,,,,,,,,,,,,,,,,,,,,,,,,,,,,,,,,,,,,,,
76.26442666666667,71.37727999999998,69.29525333333335,65.02426666666665,65.16778666666666,64.65861333333335,64.23242666666667,70.23967999999998,71.57770666666667,69.16826666666668,69.11626666666668,66.26986666666667,66.40485333333334,65.16927999999999,65.16458666666666,,,,,,,,,,,,,,,,,,,,,,,,,,,,,,,,,,,,,,,,,,,,,,,,,,,,,,,,,
76.23482666666665,71.42010666666668,69.36138666666669,65.06736000000001,65.20858666666668,64.68949333333335,64.26053333333333,70.25653333333332,71.6027733333333,69.22096,69.15898666666665,66.37072,66.41002666666667,65.21354666666666,65.13871999999998,59.58127999999999,,,,,,,,,,,,,,,,,,,,,,,,,,,,,,,,,,,,,,,,,,,,,,,,,,,,,,,,
73.74314666666665,68.80426666666666,66.89509333333335,64.57162666666669,64.48592000000002,58.13770666666667,57.714560000000006,64.68975999999999,69.36128,66.64581333333334,66.67061333333335,64.09530666666667,64.21978666666668,62.22485333333334,62.300746666666676,59.18730666666665,59.3304,,,,,,,,,,,,,,,,,,,,,,,,,,,,,,,,,,,,,,,,,,,,,,,,,,,,,,,
73.85434666666666,68.93999999999998,66.97061333333335,64.69178666666667,64.66997333333335,58.07296000000001,57.717333333333336,64.87557333333334,69.36666666666667,66.75504000000001,66.7985066666667,64.11845333333333,64.26656,62.475253333333335,62.50832000000001,59.128640000000004,59.36175999999998,53.34213333333333,,,,,,,,,,,,,,,,,,,,,,,,,,,,,,,,,,,,,,,,,,,,,,,,,,,,,,
78.89168000000001,73.87989333333334,72.25098666666668,69.67285333333335,69.98106666666665,65.00373333333332,64.55248,65.51386666666667,74.54293333333334,71.62570666666667,71.59242666666668,69.21194666666662,69.37151999999999,67.85904,67.77503999999999,64.62805333333336,64.56794666666666,59.23194666666664,59.06538666666668,,,,,,,,,,,,,,,,,,,,,,,,,,,,,,,,,,,,,,,,,,,,,,,,,,,,,
73.65264,75.02106666666668,76.46271999999999,75.80106666666666,76.09429333333334,74.17664000000002,74.0148266666667,79.04837333333334,71.77898666666667,72.95536,72.95173333333334,73.90314666666667,73.92362666666665,73.59338666666666,73.41962666666666,73.68090666666664,73.30608000000001,70.36346666666665,71.18058666666667,76.20394666666668,,,,,,,,,,,,,,,,,,,,,,,,,,,,,,,,,,,,,,,,,,,,,,,,,,,,
74.10256000000001,75.544,76.61162666666665,75.70122666666666,76.16394666666667,75.25242666666668,74.78789333333336,79.09552000000001,71.93573333333333,72.90517333333334,72.9696,74.05301333333333,74.09514666666668,73.65354666666667,73.42666666666666,73.83237333333332,74.00469333333335,71.46501333333332,71.55850666666666,76.47269333333331,66.08085333333331,,,,,,,,,,,,,,,,,,,,,,,,,,,,,,,,,,,,,,,,,,,,,,,,,,,
76.38453333333332,73.91631999999998,74.07029333333334,74.00304000000001,74.12437333333331,71.57210666666666,71.21877333333332,77.04170666666667,74.15845333333333,69.15882666666668,69.12981333333333,71.51370666666665,71.55098666666666,71.53242666666667,71.49834666666665,71.23941333333332,71.09024000000002,68.46149333333334,68.37973333333333,73.91109333333333,68.87882666666665,69.11829333333336,,,,,,,,,,,,,,,,,,,,,,,,,,,,,,,,,,,,,,,,,,,,,,,,,,
76.48037333333332,73.97397333333332,74.14917333333335,74.03888000000002,74.11029333333332,71.57509333333334,71.24656000000002,77.06074666666666,74.20714666666666,69.17071999999999,69.17119999999998,71.57898666666668,71.58090666666666,71.54586666666665,71.50981333333333,71.29738666666665,71.17690666666667,68.61125333333335,68.51445333333334,73.988,68.98352,69.16709333333333,64.60517333333333,,,,,,,,,,,,,,,,,,,,,,,,,,,,,,,,,,,,,,,,,,,,,,,,,
76.09503999999998,68.14138666666666,71.40816000000001,70.50448,70.93610666666666,69.93082666666665,69.50191999999998,73.87328,74.04469333333333,70.31242666666667,70.29344,66.67333333333333,66.65269333333335,68.42010666666668,68.22624,68.59365333333332,68.73728,66.11909333333334,66.33935999999999,71.20213333333332,68.77184,68.12986666666666,66.62357333333334,66.59344000000002,,,,,,,,,,,,,,,,,,,,,,,,,,,,,,,,,,,,,,,,,,,,,,,,
75.97957333333333,68.14378666666666,71.35871999999999,70.51861333333335,70.88912,69.72672000000003,69.30597333333331,73.82383999999998,73.94885333333335,70.29487999999999,70.29744,66.57253333333333,66.57317333333333,68.35072,68.30005333333335,68.55834666666665,68.59392000000003,65.90693333333333,66.28032,71.11626666666668,68.63818666666667,68.16789333333332,66.52848,66.57130666666666,60.7504,,,,,,,,,,,,,,,,,,,,,,,,,,,,,,,,,,,,,,,,,,,,,,,
76.19237333333334,71.39696,67.21274666666667,69.76362666666665,69.91941333333332,67.26058666666667,66.83578666666668,72.86613333333334,73.78474666666666,71.33701333333333,71.30981333333332,68.53429333333331,68.59072000000002,65.18277333333332,65.16543999999999,66.45018666666664,66.44026666666666,63.88410666666667,63.710133333333346,69.19610666666662,68.57936,69.06042666666669,66.3376,66.40021333333334,63.77429333333333,63.67050666666665,,,,,,,,,,,,,,,,,,,,,,,,,,,,,,,,,,,,,,,,,,,,,,
76.37413333333333,71.48064,67.29434666666667,69.8568,69.95455999999999,67.31306666666664,66.87845333333334,72.89973333333334,73.90160000000002,71.41904000000001,71.40954666666666,68.6626666666667,68.79088000000002,65.20544,65.19082666666665,66.64469333333335,66.59530666666666,63.992266666666666,63.84213333333333,69.38485333333333,68.73685333333333,69.18570666666665,66.46666666666667,66.51541333333333,63.908480000000004,63.83109333333333,59.67461333333336,,,,,,,,,,,,,,,,,,,,,,,,,,,,,,,,,,,,,,,,,,,,,
76.52725333333333,70.97194666666665,69.84416000000002,64.58448,64.90741333333331,65.80490666666665,65.30816,69.97317333333335,74.29162666666669,70.98026666666668,70.9389866666667,69.12517333333335,69.14746666666667,67.0432,67.04101333333332,62.271093333333326,62.52074666666666,61.75856000000001,61.98922666666665,67.44010666666665,69.25941333333333,68.83130666666665,66.93706666666668,66.99850666666667,63.55717333333332,63.51242666666665,62.49946666666668,62.49989333333333,,,,,,,,,,,,,,,,,,,,,,,,,,,,,,,,,,,,,,,,,,,,
76.60981333333332,70.95056000000001,69.82970666666668,64.54352,64.86997333333333,65.84650666666666,65.34949333333334,70.04320000000003,74.27642666666668,70.92485333333335,70.84597333333333,69.10618666666666,69.14389333333335,67.02192000000001,66.99130666666666,62.266026666666654,62.46794666666665,61.88255999999999,62.02912000000001,67.27797333333332,69.22586666666668,68.73615999999998,66.9096,66.96330666666668,63.45717333333333,63.445013333333314,62.500320000000016,62.499199999999995,57.40405333333332,,,,,,,,,,,,,,,,,,,,,,,,,,,,,,,,,,,,,,,,,,,
74.49621333333333,69.62784,67.08821333333331,65.40826666666668,65.41098666666666,56.84949333333336,56.71418666666667,65.72346666666668,71.45466666666671,69.59194666666666,69.55045333333332,66.13850666666666,66.13087999999999,65.39210666666663,65.42463999999998,61.78815999999999,61.775999999999996,55.048213333333344,55.06117333333333,62.11647999999999,66.70181333333333,67.34570666666667,63.931200000000004,63.975306666666654,62.01120000000002,61.805706666666666,59.57664,59.59007999999999,58.039680000000004,58.13125333333333,,,,,,,,,,,,,,,,,,,,,,,,,,,,,,,,,,,,,,,,,,
74.36122666666667,69.56106666666668,67.09269333333333,65.33205333333332,65.34543999999998,56.84384000000001,56.71045333333333,65.57925333333331,71.42741333333335,69.53903999999999,69.52015999999999,66.14826666666667,66.13109333333331,65.31269333333331,65.35103999999998,61.79418666666665,61.774773333333314,55.08074666666666,55.103573333333344,62.05930666666665,66.70224000000002,67.23360000000001,63.936640000000004,63.97450666666665,62.021973333333335,61.82512000000001,59.55984,59.59376,57.905973333333314,57.92773333333333,49.354613333333326,,,,,,,,,,,,,,,,,,,,,,,,,,,,,,,,,,,,,,,,,
79.56794666666669,74.03616,72.85712000000001,69.79008,70.04271999999999,65.99685333333335,65.56154666666664,65.63125333333333,77.27514666666667,74.02570666666666,73.98266666666665,72.08,72.15274666666669,70.09546666666668,70.00341333333331,67.40826666666666,67.56245333333331,62.08213333333333,62.268319999999996,62.96138666666667,72.15397333333333,71.82490666666668,69.91040000000001,69.96874666666666,66.60144000000003,66.55733333333332,65.39178666666665,65.43258666666667,62.54837333333333,62.543146666666665,58.21920000000001,58.17360000000001,,,,,,,,,,,,,,,,,,,,,,,,,,,,,,,,,,,,,,,,
79.57429333333333,74.13146666666667,72.85968000000001,69.85472000000001,70.07546666666669,65.904,65.48970666666666,65.64944,77.27690666666666,74.10213333333336,74.07429333333334,72.14559999999997,72.16736,70.1016,70.01727999999999,67.41408,67.53274666666665,62.094879999999996,62.24650666666666,62.897866666666665,72.14186666666669,71.92250666666665,69.94992,70.0066133333333,66.66778666666666,66.62784,65.37205333333333,65.44117333333335,62.61130666666668,62.575413333333344,58.17338666666668,58.086026666666655,58.476959999999984,,,,,,,,,,,,,,,,,,,,,,,,,,,,,,,,,,,,,,,
74.75375999999999,76.07290666666667,76.62357333333334,76.81392000000001,76.88922666666667,75.31482666666666,74.83904,79.83626666666666,72.40736000000001,74.01525333333333,73.95957333333332,74.66138666666669,74.70186666666666,74.35168000000002,74.28202666666665,74.27285333333333,74.37040000000003,71.54789333333332,71.71221333333332,77.1152,69.15354666666667,69.04741333333335,72.12970666666668,72.15845333333334,71.47077333333336,71.38501333333333,71.7373866666667,71.82890666666667,71.65360000000001,71.64096,69.68682666666666,69.65205333333331,74.66709333333334,74.61829333333334,,,,,,,,,,,,,,,,,,,,,,,,,,,,,,,,,,,,,,
74.59701333333334,76.7024,77.17488000000003,76.81072,77.01530666666667,74.29786666666668,74.12960000000001,79.98741333333332,72.55626666666666,74.08906666666665,74.09487999999999,74.73658666666667,74.74021333333336,74.46202666666667,74.42421333333333,74.33957333333335,74.40591999999998,71.72618666666669,71.86058666666668,77.04864,69.32842666666666,69.33264,72.10138666666666,72.11536,71.48853333333331,71.46362666666667,71.56261333333333,71.82138666666665,71.72346666666668,71.68954666666669,69.08543999999999,69.04688,74.73872,74.72346666666668,64.7373866666667,,,,,,,,,,,,,,,,,,,,,,,,,,,,,,,,,,,,,
75.73717333333335,72.80336000000001,73.42688000000001,73.15669333333334,73.53984,71.68938666666666,71.25263999999999,76.48229333333333,73.66298666666664,68.20538666666668,68.18362666666668,71.13536000000002,71.15637333333335,70.99477333333334,70.89024,70.83333333333334,70.93392000000001,67.88357333333336,67.99050666666666,73.54330666666668,70.47088,70.37605333333335,66.35077333333335,66.41007999999998,67.80938666666667,67.76176000000001,68.24304000000001,68.37029333333335,68.27855999999998,68.21882666666667,66.19205333333335,66.18133333333334,71.27728000000002,71.23221333333332,65.58213333333333,65.72618666666669,,,,,,,,,,,,,,,,,,,,,,,,,,,,,,,,,,,,
75.71312000000002,72.93450666666666,73.72357333333332,73.12816000000001,73.46554666666667,71.73594666666668,71.3074133333333,76.40874666666667,73.74437333333334,68.15728,68.16101333333333,71.11829333333336,71.16533333333332,70.91514666666669,70.81872,70.86474666666669,70.93808000000003,67.94165333333335,68.05610666666668,73.58704000000002,70.47007999999998,70.31616,66.33296,66.38389333333333,67.74410666666668,67.70650666666667,68.22762666666667,68.42186666666665,68.20277333333335,68.1376,66.23994666666667,66.23072,71.19530666666665,71.16538666666668,65.60069333333334,65.69370666666669,60.094079999999984,,,,,,,,,,,,,,,,,,,,,,,,,,,,,,,,,,,
76.96426666666666,69.48010666666666,72.16021333333333,71.67151999999999,71.81322666666665,69.74154666666668,69.42341333333333,74.73882666666664,74.83088,71.48933333333333,71.49263999999997,67.53301333333334,67.61834666666668,69.30469333333333,69.20586666666667,69.26656000000004,69.34965333333331,66.43359999999998,66.55434666666666,72.06192,71.66362666666666,71.49066666666664,69.64117333333333,69.69552,64.15829333333335,64.14938666666666,66.59322666666667,66.79472000000001,66.56394666666665,66.5272,64.39525333333334,64.34570666666667,69.55349333333334,69.55615999999999,66.44682666666668,66.90752,63.375733333333336,63.215146666666634,,,,,,,,,,,,,,,,,,,,,,,,,,,,,,,,,,
76.80848,69.39472000000002,72.17626666666666,71.66906666666665,71.87642666666667,69.39493333333333,69.15242666666667,74.81888,74.82901333333334,71.55264000000001,71.56069333333335,67.51333333333332,67.52549333333333,69.31888000000001,69.23130666666667,69.2399466666667,69.31056,66.53327999999998,66.68416,72.01983999999997,71.61834666666667,71.54511999999998,69.55621333333333,69.65925333333334,64.19072000000003,64.15765333333336,66.49189333333334,66.74831999999998,66.6064,66.56432,64.12741333333332,64.05312,69.59941333333332,69.60927999999998,66.49568,66.96239999999999,63.31455999999999,63.23407999999997,59.642506666666655,,,,,,,,,,,,,,,,,,,,,,,,,,,,,,,,,
76.16442666666663,70.31413333333334,67.41530666666665,68.7728,69.11856,68.00234666666665,67.55450666666667,72.09685333333333,73.96650666666667,70.26245333333334,70.25765333333334,68.73904,68.73808,64.45280000000001,64.29568,66.80053333333333,66.90288,64.34384000000001,64.6016,69.39706666666665,70.77680000000001,70.30298666666667,68.80090666666666,68.74672,65.07696,65.01237333333333,62.08165333333333,62.18672000000002,63.797493333333335,63.72138666666666,62.346186666666675,62.432799999999986,66.91594666666667,66.87018666666667,65.52666666666666,65.72688,62.59365333333335,62.23690666666668,60.49482666666667,60.53925333333333,,,,,,,,,,,,,,,,,,,,,,,,,,,,,,,,
76.07301333333334,70.31056,67.47760000000001,68.80309333333335,69.14010666666667,68.01653333333333,67.55141333333331,72.12746666666668,73.96853333333334,70.27514666666667,70.28858666666667,68.72368,68.76074666666666,64.45919999999997,64.30992,66.82474666666667,66.90922666666664,64.38986666666668,64.68693333333336,69.38026666666667,70.78608,70.33296,68.71615999999999,68.75872000000001,65.07418666666668,65.01013333333333,62.088480000000004,62.204586666666664,63.82437333333331,63.74101333333332,62.380320000000005,62.457386666666665,67.05322666666665,66.85973333333334,65.52746666666665,65.76821333333334,62.61424000000002,62.60736000000002,60.48805333333335,60.547839999999994,55.46293333333331,,,,,,,,,,,,,,,,,,,,,,,,,,,,,,,
76.74927999999998,71.49957333333332,70.16794666666667,65.09632000000002,65.27552,64.64842666666668,64.39925333333332,70.38597333333334,74.56517333333335,71.46602666666666,71.44981333333334,69.31962666666668,69.50421333333331,67.46175999999998,67.38426666666666,62.4976,62.5536,62.18096,62.22223999999999,67.43226666666668,71.46458666666668,71.4448,69.30384,69.33589333333333,66.22704,66.18490666666669,64.51727999999999,64.73850666666668,59.965813333333315,59.93685333333333,59.22762666666666,59.27994666666665,65.15413333333333,65.13002666666667,66.38106666666667,66.77424000000002,63.143786666666685,63.113493333333366,61.56336,61.66511999999999,58.80970666666669,58.80416000000001,,,,,,,,,,,,,,,,,,,,,,,,,,,,,,
76.60869333333335,71.41898666666665,69.97093333333333,64.98736,65.10352000000002,64.64016000000002,64.34432000000002,70.22026666666667,74.37589333333335,71.36970666666663,71.37029333333331,69.13066666666668,69.14688000000001,67.29504,67.23856,62.31552000000001,62.38245333333334,61.87066666666668,61.86432000000002,67.20096000000001,71.25461333333332,71.36906666666664,69.10432,69.16170666666667,66.12074666666666,66.09274666666666,64.29040000000002,64.57898666666668,59.834720000000004,59.81877333333334,59.26293333333332,59.25669333333334,64.97018666666666,64.94458666666665,66.1841066666667,66.49344,62.92405333333336,62.91813333333335,61.29978666666665,61.356479999999976,58.697333333333326,58.705013333333326,54.88506666666668,,,,,,,,,,,,,,,,,,,,,,,,,,,,,
73.54634666666666,68.52389333333332,66.51210666666667,64.30512000000002,64.328,57.01205333333333,56.657173333333354,64.70117333333333,70.97914666666668,68.54128,68.54794666666665,65.66378666666667,65.74464000000002,64.29765333333333,64.29925333333333,61.05248000000001,61.1680533333333,54.41205333333333,54.488800000000005,61.26367999999999,67.9272,68.48186666666668,65.69936,65.72666666666667,63.161546666666645,62.98090666666667,60.984586666666694,61.24730666666669,59.11930666666668,59.13589333333334,51.560853333333334,51.58224,59.38144000000001,59.38618666666667,63.216,62.996746666666645,59.60869333333332,59.62453333333333,57.89306666666666,57.84613333333332,55.669493333333314,55.677920000000015,53.43893333333333,53.22261333333333,,,,,,,,,,,,,,,,,,,,,,,,,,,,
73.68501333333333,68.8113066666667,66.53760000000001,64.50176,64.55824000000001,56.941866666666684,56.62341333333335,64.84933333333333,70.94645333333335,68.75760000000001,68.73338666666668,65.61130666666665,65.73541333333333,64.53765333333332,64.53877333333332,61.017333333333326,61.13808000000002,54.569173333333346,54.709813333333344,61.28815999999999,67.98767999999998,68.68618666666669,65.69242666666668,65.72554666666667,63.360746666666664,63.13818666666666,60.932373333333345,61.2227733333333,59.32303999999999,59.34282666666664,51.44538666666666,51.53552,59.596853333333335,59.56693333333334,63.36319999999997,63.049493333333324,59.69888000000002,59.72458666666665,57.972213333333315,57.89669333333334,55.89024,55.89205333333334,53.45925333333333,53.24373333333333,45.38613333333331,,,,,,,,,,,,,,,,,,,,,,,,,,,
78.94832000000001,73.93744000000001,72.06074666666667,69.72080000000001,69.91056000000002,64.92101333333333,64.58842666666666,65.56559999999998,76.92544,73.91722666666669,73.88586666666669,71.72384,71.75685333333334,69.95024,69.88533333333334,67.03775999999999,67.11157333333334,61.387359999999994,61.335999999999984,62.648906666666676,73.54106666666667,73.51626666666667,71.70410666666666,71.73136000000001,68.69018666666668,68.77040000000002,66.76272,67.15317333333336,64.61733333333335,64.61071999999999,59.530239999999985,59.52661333333334,60.254826666666666,60.24362666666668,68.83424000000001,68.97722666666667,65.36213333333333,65.37269333333333,63.865813333333314,63.85349333333334,61.23680000000002,61.27706666666665,59.49002666666666,59.27813333333333,52.949226666666675,52.94480000000002,,,,,,,,,,,,,,,,,,,,,,,,,,
79.05568,73.97109333333333,72.51285333333334,69.70570666666669,69.88362666666667,64.95098666666667,64.59861333333333,65.49861333333332,77.02474666666666,73.92741333333333,73.91855999999997,71.796,71.84394666666667,69.93599999999999,69.88037333333332,67.10261333333334,67.19045333333332,61.411359999999995,61.33007999999998,62.71653333333332,73.77365333333334,73.92762666666665,71.76272,71.84005333333334,68.72634666666666,68.69584,66.71760000000002,67.23712,64.63738666666669,64.72453333333334,59.596639999999994,59.591200000000015,60.39920000000001,60.29509333333334,68.84133333333335,69.05557333333333,65.42106666666668,65.44394666666666,63.92629333333332,63.93669333333332,61.34143999999999,61.34602666666666,59.626239999999996,59.3672,53.01071999999999,53.00335999999999,54.385439999999996,,,,,,,,,,,,,,,,,,,,,,,,,
71.70474666666667,74.27957333333333,73.31770666666667,74.36464000000001,74.38042666666666,70.82624,70.67152000000003,77.31466666666665,68.69472,71.65045333333333,71.67551999999999,70.72863999999998,70.78938666666667,71.82688,71.81637333333333,70.55311999999999,70.62613333333336,69.14421333333331,69.16277333333332,73.43429333333336,66.19370666666667,66.79269333333332,68.16357333333332,68.18901333333334,68.95413333333335,68.76336,67.9414933333333,68.07578666666667,69.25626666666668,69.24890666666668,65.50693333333332,65.51797333333332,72.11029333333333,71.97471999999998,63.68528,63.08773333333335,64.6512,64.70922666666667,65.45690666666665,65.25637333333333,65.31925333333332,65.33295999999999,65.01216000000001,64.75978666666667,61.94330666666665,61.990293333333334,67.33354666666666,67.3016,,,,,,,,,,,,,,,,,,,,,,,,
73.88090666666669,71.59626666666665,71.28853333333332,71.68938666666669,71.72698666666669,69.66362666666666,69.31408,74.62298666666666,71.48645333333334,66.79440000000001,66.80992,68.8184,69.02234666666668,69.16949333333335,69.10672,67.88901333333331,68.26522666666666,67.44666666666667,67.51338666666665,70.75914666666668,68.38981333333335,68.93712,64.18831999999999,64.23738666666667,66.3936,66.33082666666667,65.19045333333334,65.89504000000001,66.55029333333336,66.51344,64.22192,64.26975999999999,69.34885333333332,69.39034666666669,65.80837333333334,65.58736,59.81567999999999,59.90447999999999,63.02394666666666,63.148053333333316,62.848693333333344,62.91594666666668,63.21402666666665,62.99472,60.21813333333332,60.174720000000015,64.69237333333335,64.84981333333334,58.538933333333325,,,,,,,,,,,,,,,,,,,,,,,
73.96554666666667,71.68,71.24032,71.84309333333333,71.82821333333335,69.53077333333334,69.20453333333332,74.71221333333332,71.51136,66.90858666666666,66.93237333333332,68.62085333333333,69.02058666666667,69.24864000000001,69.2272,68.01306666666666,68.37002666666665,67.37183999999999,67.48287999999998,70.86496000000001,68.46890666666667,69.05914666666666,64.19253333333334,64.19674666666668,66.50021333333333,66.40965333333332,65.30362666666666,66.04330666666668,66.67317333333337,66.63152000000002,64.11344000000001,64.13856,69.47914666666665,69.41994666666666,66.00272,65.58522666666666,59.924266666666654,59.992266666666666,63.103040000000014,63.06106666666667,62.961066666666675,62.97855999999999,63.16341333333334,62.96197333333335,60.17450666666667,60.18896000000001,64.77984000000002,64.95962666666668,58.40069333333333,54.96458666666667,,,,,,,,,,,,,,,,,,,,,,
74.14458666666667,67.20079999999999,68.35610666666668,69.53077333333333,69.49621333333332,65.68192000000002,65.52085333333333,72.41792,71.05210666666667,69.33861333333333,69.35130666666666,63.51690666666664,63.570880000000024,66.93146666666667,66.92224,65.62330666666666,65.64373333333333,64.10218666666667,64.10133333333333,68.52399999999997,68.65530666666668,69.31695999999998,65.68074666666668,65.70645333333333,61.835093333333326,61.66794666666666,63.043626666666675,63.074186666666684,64.37376,64.35776000000003,60.33898666666668,60.36549333333334,67.14320000000001,67.09413333333333,66.09498666666667,65.45717333333334,62.40213333333333,62.38330666666666,58.33818666666669,58.17136000000002,60.38442666666667,60.401066666666665,59.88767999999999,59.709280000000014,56.90874666666668,56.89562666666667,62.37792000000001,62.37914666666668,57.13776000000003,55.838346666666666,55.80410666666667,,,,,,,,,,,,,,,,,,,,,
73.94602666666667,66.95162666666668,68.15605333333333,69.27338666666665,69.23930666666669,65.64607999999998,65.46021333333333,72.13647999999999,70.87285333333332,69.09818666666666,69.09109333333332,63.390506666666646,63.42501333333334,66.67685333333334,66.67445333333336,65.3736,65.44970666666669,64.00090666666667,64.00597333333336,68.28288,68.38821333333334,69.08117333333333,65.56325333333334,65.58549333333333,61.612853333333334,61.496266666666656,62.78175999999999,62.893813333333334,64.10112000000001,64.09658666666668,60.31359999999998,60.329173333333344,66.88405333333333,66.82085333333333,65.87344000000002,65.27962666666667,62.06773333333332,62.19573333333334,58.05536,57.97616000000002,60.16170666666666,60.18650666666668,59.836213333333326,59.58624,56.79392000000001,56.77104000000003,62.12858666666667,62.177120000000016,57.11989333333336,55.82298666666666,55.778399999999976,49.77807999999998,,,,,,,,,,,,,,,,,,,,
74.56997333333332,69.86384000000002,65.22218666666666,68.26794666666666,68.22762666666667,64.96736000000001,64.78704000000003,71.12618666666665,71.80032,69.83546666666665,69.84048000000003,66.58906666666665,66.56575999999998,63.46655999999998,63.479253333333325,64.41946666666665,64.59114666666665,63.1629333333333,63.15386666666665,67.31626666666665,69.11472,69.8244266666667,66.55887999999999,66.58154666666667,64.52074666666667,64.34,59.67679999999999,59.98399999999999,63.09973333333334,63.07749333333333,59.62751999999998,59.62981333333333,65.9008,65.86688,66.56672000000002,65.99935999999998,62.827040000000004,62.88362666666668,61.09706666666668,60.876266666666695,57,57.03029333333335,58.96085333333336,58.80192000000002,55.97930666666666,55.988960000000006,61.22586666666665,61.302719999999994,58.13183999999999,56.855520000000006,56.82997333333334,52.960906666666666,52.95194666666668,,,,,,,,,,,,,,,,,,,
74.84341333333333,70.07637333333334,65.28154666666667,68.50240000000002,68.44117333333332,64.82042666666668,64.64096,71.37663999999998,71.8132266666667,70.02368000000001,70.06944,66.55093333333335,66.55189333333335,63.719199999999994,63.712426666666666,64.66373333333334,64.73877333333333,63.135999999999996,63.055200000000006,67.55493333333334,69.32293333333332,70.04245333333334,66.51962666666668,66.56720000000001,64.70944,64.49813333333336,59.90389333333335,60.049493333333324,63.33914666666665,63.33498666666665,59.47061333333331,59.46202666666665,66.05034666666667,66.08154666666668,66.77146666666667,66.00143999999999,63.053439999999995,63.16981333333331,61.182399999999966,61.02378666666665,57.18725333333332,57.17861333333332,58.92266666666668,58.78997333333335,55.98271999999999,55.99808000000002,61.43002666666667,61.46847999999999,57.93557333333333,56.669120000000014,56.630453333333364,52.73120000000001,52.70821333333333,49.924053333333326,,,,,,,,,,,,,,,,,,
73.74037333333332,68.89562666666669,66.29210666666668,62.50208,62.42405333333331,61.38581333333333,61.144213333333354,67.57925333333331,70.76373333333335,68.8521066666667,68.85696,65.52106666666664,65.52693333333333,64.70016,64.69104,58.68021333333333,58.80021333333335,59.58453333333333,59.58133333333334,63.71221333333334,68.15424000000002,68.80021333333335,65.51242666666666,65.53349333333331,63.55226666666667,63.40997333333334,60.803786666666674,61.05701333333331,57.38080000000001,57.34597333333331,55.994346666666665,56.018400000000014,62.323840000000004,62.26469333333332,65.63466666666667,65.09578666666668,61.842879999999994,61.97008,60.078559999999996,59.95285333333332,58.21274666666667,58.21488,53.23370666666666,53.016746666666656,52.444266666666664,52.41402666666667,57.57738666666668,57.65242666666665,57.14042666666667,55.87504,55.820746666666636,51.96586666666667,51.928426666666674,51.26517333333333,51.08970666666667,,,,,,,,,,,,,,,,,
73.64874666666667,68.87808000000003,66.30768000000002,62.46336000000001,62.50416,61.37589333333332,61.13274666666667,67.57370666666668,70.54640000000002,68.84757333333334,68.86693333333334,65.52037333333332,65.52597333333334,64.70048,64.68304000000002,58.69136000000001,58.81018666666668,59.56879999999999,59.56858666666667,63.70784000000002,68.18037333333335,68.81850666666668,65.48181333333332,65.54287999999998,63.540586666666655,63.40336000000002,60.79418666666668,61.03738666666667,57.36143999999998,57.335786666666635,55.97359999999998,55.997173333333315,62.30282666666668,62.249226666666665,65.61322666666666,65.07583999999999,61.83376000000001,61.984533333333346,60.07221333333334,59.93482666666666,58.188480000000006,58.204746666666665,53.19525333333333,53.00293333333333,52.420373333333345,52.397546666666685,57.52207999999999,57.64906666666667,57.13461333333336,55.86298666666667,55.806986666666646,51.93760000000001,51.91856,51.25589333333332,51.06053333333333,45.46,,,,,,,,,,,,,,,,
70.92778666666665,66.11584,63.88314666666664,61.92864,61.94143999999998,55.05269333333334,54.703040000000016,62.24010666666666,68.18986666666666,66.13285333333332,66.14016000000001,63.492426666666674,63.467733333333335,61.986933333333326,61.92976,58.13360000000001,58.46282666666666,52.817866666666674,52.92544000000001,58.36650666666667,65.44485333333333,66.0968,63.406613333333325,63.52298666666667,60.90613333333334,60.787466666666674,58.00629333333333,58.69157333333335,56.776053333333344,56.72677333333332,49.59312,49.66549333333334,56.97301333333334,56.91402666666667,62.95637333333336,62.788693333333335,59.11781333333334,59.22506666666667,57.676693333333354,57.558506666666666,55.65258666666666,55.68213333333332,53.37765333333332,53.114293333333336,45.56767999999999,45.6544,52.387573333333336,52.42784000000001,55.625013333333314,54.350506666666675,54.32896000000001,50.440053333333346,50.41232000000002,49.75354666666666,49.546933333333335,46.11290666666669,46.09855999999999,,,,,,,,,,,,,,,
71.06351999999998,66.15776,63.915733333333336,61.92293333333334,61.95354666666665,55.0584,54.727520000000005,62.23973333333333,68.09941333333333,66.13061333333333,66.13770666666667,63.497813333333326,63.51594666666665,61.99690666666667,61.94885333333333,58.120479999999986,58.46368,52.90165333333336,52.94981333333334,58.35738666666668,65.45834666666666,66.10858666666665,63.40778666666664,63.479946666666656,60.91008,60.81093333333333,58.068533333333335,58.71114666666668,56.77488000000004,56.74047999999999,49.627039999999994,49.68842666666666,56.97109333333333,56.90842666666667,62.96016000000003,62.79893333333334,59.11957333333333,59.21381333333332,57.56106666666667,57.70074666666666,55.65072,55.651786666666666,53.401759999999996,53.13253333333334,45.50293333333333,45.69285333333333,52.26245333333333,52.41146666666667,55.66762666666664,54.374080000000006,54.363093333333346,50.48906666666667,50.453440000000015,49.79568,49.586719999999985,46.1824,46.17429333333334,39.932693333333326,,,,,,,,,,,,,,
76.19941333333335,71.28010666666667,69.07562666666666,67.03984,67.03008,61.80495999999998,61.44357333333333,62.61189333333334,73.35136000000001,71.24357333333332,71.26384,68.32261333333334,68.32736000000001,67.02677333333332,67.03551999999999,63.64213333333332,63.74581333333333,59.046293333333345,59.03130666666665,59.131040000000006,70.57541333333332,71.19978666666667,68.28527999999999,68.32495999999999,65.85157333333332,65.69280000000002,63.539466666666655,63.82517333333332,61.84677333333333,61.826986666666656,56.29247999999998,56.35338666666668,57.34015999999998,57.28773333333331,68.00624,67.76357333333333,64.51354666666664,64.43962666666665,62.68357333333335,62.62602666666668,60.56810666666666,60.574933333333334,58.21024000000003,58.00847999999997,52.28304,52.33941333333333,53.05621333333333,53.117760000000004,59.9488,57.773120000000006,57.787306666666666,54.815573333333354,54.679840000000006,53.732159999999986,53.75290666666666,50.25045333333333,50.22234666666667,45.47226666666667,45.46069333333332,,,,,,,,,,,,,
77.42138666666666,79.31082666666666,79.74794666666668,79.44741333333334,79.58976000000001,77.65008,77.28186666666666,82.49584,75.25722666666665,76.71386666666669,76.69802666666666,77.46554666666668,77.50554666666665,77.0456,76.96549333333336,77.01930666666667,77.11322666666665,74.21114666666668,74.36352000000001,79.90890666666668,72.09845333333334,71.94186666666667,74.78821333333335,74.84479999999999,74.09119999999999,74.05946666666665,74.34047999999999,74.66938666666665,74.34304000000003,74.30693333333335,72.23930666666666,72.22890666666667,77.29439999999998,77.33706666666666,69.01744,69.43370666666667,70.75893333333335,70.74112,71.58618666666669,71.66890666666664,70.59216,70.59029333333332,71.65520000000002,71.45024000000001,68.00586666666669,68.04719999999999,73.99397333333333,74.07098666666667,63.601013333333334,65.74202666666667,65.69194666666668,65.82271999999999,65.72736000000003,66.00826666666667,66.16624,65.35125333333333,65.31359999999997,62.84805333333334,62.86639999999999,68.03653333333334,,,,,,,,,,,,
78.41354666666668,75.85354666666666,76.22304,76.00928,76.3776,74.26426666666666,73.84341333333333,79.32511999999998,76.37605333333335,71.00768,70.97029333333333,73.74832,73.77285333333336,73.83994666666666,73.78512,73.39866666666666,73.51194666666665,70.54144,70.53749333333333,76.24319999999997,73.17658666666667,73.19632,68.95290666666666,68.98517333333334,70.584,70.54479999999998,70.73152,70.956,71.07653333333334,71.05914666666668,68.73722666666666,68.75253333333333,74.09530666666667,74.06079999999999,70.54288000000001,70.50309333333334,64.86821333333334,64.86890666666666,67.99530666666665,67.95674666666665,67.09626666666668,67.0984,67.93893333333332,67.76437333333335,64.34256,64.40442666666665,70.26058666666667,70.31221333333335,64.90762666666669,59.727573333333346,59.756586666666664,62.42533333333331,62.26586666666666,62.59877333333334,62.894453333333345,61.84799999999998,61.78842666666665,58.990986666666636,59.00703999999999,64.39584,65.83253333333334,,,,,,,,,,,
78.32181333333332,75.65557333333335,76.28538666666667,75.79514666666665,76.15194666666666,74.29178666666667,73.87914666666666,79.10592000000001,76.364,70.82645333333335,70.828,73.73920000000003,73.76799999999999,73.64613333333334,73.53535999999998,73.42277333333335,73.51658666666665,70.51621333333335,70.5949866666667,76.27365333333333,73.09706666666666,72.98634666666668,68.94304000000001,69.01349333333333,70.42682666666666,70.40581333333334,70.69472,70.98538666666666,70.91968000000001,70.86752,68.79125333333336,68.81829333333334,73.91589333333334,73.86037333333333,70.37248,70.46997333333333,64.84336000000002,64.83392,67.89856,67.9056,66.90016,66.89194666666666,67.94469333333333,67.75984,64.37578666666668,64.44794666666664,70.3058133333333,70.35034666666667,64.97749333333334,59.95392,59.91423999999999,62.48906666666667,62.328160000000004,62.68847999999999,62.956586666666674,61.917760000000015,61.88245333333334,59.14528,59.15983999999999,64.43786666666665,65.70639999999999,60.140586666666664,,,,,,,,,,
79.45962666666665,71.92645333333331,74.62650666666669,74.18485333333334,74.36122666666664,72.47178666666667,72.11029333333333,77.26426666666666,77.42330666666666,74.04597333333334,74.05354666666669,70.10058666666667,70.10581333333333,71.80368000000001,71.71888000000003,71.82970666666668,71.93077333333332,69.00725333333332,69.12037333333335,74.74442666666666,74.25989333333334,74.06821333333335,72.18586666666667,72.30458666666667,66.69354666666666,66.66565333333335,69.14986666666667,69.37397333333332,69.10810666666667,69.07690666666666,67.05104,67.04042666666666,72.07946666666666,72.11882666666668,71.15130666666667,71.70010666666667,68.14448,68.13562666666667,64.26165333333334,64.30064000000002,65.33738666666666,65.34154666666666,66.46831999999999,66.29498666666666,62.80880000000001,62.84229333333334,68.81722666666667,68.92682666666666,65.74261333333337,63.101813333333325,63.057013333333344,58.476853333333345,58.35584,60.833439999999996,61.02064,60.149013333333315,60.11205333333334,57.62277333333333,57.634293333333325,62.83381333333333,66.75984,63.45066666666667,63.42597333333334,,,,,,,,,
79.37994666666668,71.956,74.31973333333335,74.26010666666666,74.42837333333331,72.03477333333335,71.76698666666668,77.37749333333333,77.37552,74.09482666666666,74.10784000000001,70.07285333333333,70.10480000000003,71.86879999999998,71.77509333333333,71.79311999999999,71.86400000000002,69.12181333333334,69.22970666666667,74.74933333333333,74.18965333333335,74.12053333333334,72.24207999999997,72.23242666666667,66.78208000000004,66.74901333333331,68.94928000000002,69.33061333333332,69.18405333333331,69.12725333333334,66.72826666666667,66.70885333333332,72.15786666666668,72.18064,71.21562666666665,71.68325333333333,68.05578666666665,68.03535999999998,64.32528,64.36527999999997,65.40554666666667,65.49834666666666,66.54794666666665,66.35717333333334,62.65813333333335,62.67877333333335,68.92762666666667,68.93157333333332,65.33045333333331,63.24245333333331,63.1685333333333,58.04000000000003,57.96095999999998,60.71285333333332,60.74426666666666,59.90901333333334,59.87450666666666,57.755733333333325,57.76698666666666,62.65952000000002,66.80266666666668,63.31226666666666,63.30186666666665,59.42149333333334,,,,,,,,
78.59781333333333,73.42287999999999,69.80064000000003,71.78415999999999,72.16480000000001,70.03168000000001,69.61861333333331,75.16069333333333,76.53546666666668,73.35989333333333,73.32773333333331,71.25344,71.28016,67.52698666666666,67.41013333333332,69.16085333333335,69.27189333333332,66.29941333333333,66.27098666666664,72.02992,73.27477333333334,73.35013333333332,71.21509333333333,71.28335999999999,68.07680000000002,68.04917333333333,64.27226666666667,64.57418666666666,66.97557333333336,66.93674666666668,64.50741333333335,64.52176,69.89866666666667,69.84415999999999,70.65914666666666,70.63722666666668,67.17194666666666,67.17658666666665,65.49994666666663,65.48607999999996,60.70112000000001,60.70256,63.73664000000001,63.52634666666665,60.12479999999997,60.18352000000002,66.02746666666665,66.08634666666667,64.97536000000001,61.975039999999986,61.97082666666664,59.93685333333331,59.77285333333333,56.14266666666668,56.44885333333333,57.59861333333333,57.53658666666665,54.73013333333335,54.73952000000001,60.24010666666669,65.96437333333333,62.43813333333332,62.39599999999999,60.77717333333335,60.731306666666654,,,,,,,
78.74096,72.87877333333334,70.01082666666666,71.37317333333334,71.70805333333335,70.60079999999999,70.16282666666666,74.76325333333331,76.5672,72.86314666666667,72.86330666666666,71.33221333333333,71.3328,67.05157333333334,66.90336,69.39327999999996,69.47898666666664,67.03557333333332,67.2312,72.20576000000003,73.38304,72.88842666666666,71.30991999999998,71.36250666666665,67.68986666666665,67.61061333333333,64.61738666666668,64.79792000000002,66.39808,66.33205333333332,64.91503999999999,65.01194666666667,69.51903999999999,69.45861333333332,70.30933333333331,70.48341333333333,67.39151999999999,67.37253333333334,65.23802666666668,65.2896533333333,60.21210666666667,60.21285333333334,63.745386666666676,63.57605333333332,60.591306666666675,60.78821333333333,66.13301333333332,66.14613333333335,65.77733333333335,62.912053333333354,62.938186666666674,60.59615999999999,60.44122666666667,57.013813333333324,57.244266666666654,58.39280000000002,58.38810666666668,55.76608,55.766293333333344,60.71973333333334,65.70512000000001,62.73152,62.63413333333334,60.485653333333346,60.519093333333345,56.37146666666666,,,,,,
79.25445333333333,74.09274666666667,72.68015999999999,67.65296,67.83354666666668,67.18720000000002,66.95930666666668,72.96239999999999,77.1355733333333,74.06586666666668,74.05344000000001,71.91136000000002,71.91925333333334,70.01541333333331,69.94623999999999,65.04005333333333,65.08384,64.73637333333332,64.76053333333333,70.20512000000001,74.028,74.04378666666669,71.79680000000003,71.85695999999999,68.79328000000001,68.73930666666666,66.94741333333333,67.35290666666668,62.524639999999984,62.49845333333336,61.82789333333333,61.82746666666666,67.67354666666667,67.68597333333335,71.07226666666668,71.43237333333335,67.81936000000002,67.83632000000001,66.25759999999998,66.31717333333333,63.5272,63.53626666666667,59.800693333333314,59.53477333333333,58.050933333333326,58.04991999999999,64.28064,64.29823999999999,64.84074666666667,63.21573333333331,63.15866666666666,59.69978666666665,59.60789333333333,58.924426666666704,58.82645333333334,53.07125333333333,53.060693333333326,53.38031999999998,53.40165333333332,58.05845333333333,66.60453333333332,63.082186666666665,63.07349333333334,61.37008,61.54405333333332,58.84917333333335,58.76880000000002,,,,,
79.26848000000003,74.04885333333333,72.56906666666664,67.62842666666666,67.77098666666664,67.19407999999999,66.91818666666664,72.86464000000002,77.02192000000001,74.02970666666668,74.00133333333333,71.75808,71.89632000000002,69.93157333333332,69.90229333333333,64.96394666666667,65.02725333333335,64.65061333333337,64.6476266666667,70.14159999999998,73.94666666666667,74.01861333333335,71.73349333333334,71.8032,68.76880000000003,68.69925333333332,66.86384000000002,67.21381333333332,62.49856000000001,62.472373333333344,61.81920000000001,61.84351999999999,67.62789333333335,67.61994666666665,70.99727999999999,71.35845333333332,67.75701333333332,67.76565333333333,66.17184000000002,66.22186666666667,63.51717333333332,63.50751999999998,59.72448,59.4816,57.992320000000014,57.98773333333333,64.18432000000001,64.22650666666665,64.80597333333336,63.00117333333333,62.993226666666644,59.679733333333324,59.588746666666665,58.83754666666669,58.77296,52.99962666666664,53.00389333333331,53.226986666666654,53.2557333333333,57.99333333333335,66.51141333333334,63.03573333333331,63.009013333333314,61.31893333333332,61.55333333333332,58.80048000000002,58.75285333333334,54.951893333333345,,,,
76.24709333333334,71.23685333333334,69.05162666666666,67.10752000000001,67.0832,59.55813333333333,59.24533333333333,67.38069333333333,73.55823999999998,71.24437333333334,71.23498666666666,68.31509333333334,68.31168000000001,67.05370666666666,67.09050666666666,63.62885333333332,63.74512,56.995466666666665,56.985440000000004,63.910133333333334,70.54751999999999,71.14757333333334,68.27706666666667,68.34016,65.85397333333334,65.69205333333335,63.53125333333333,63.81936,61.87040000000001,61.86394666666667,54.107466666666674,54.12944,62.07040000000001,62.05856,68.05114666666667,67.78197333333334,64.39631999999999,64.42421333333331,62.709120000000006,62.65216000000003,60.531786666666676,60.546026666666656,58.20394666666668,57.99391999999999,50.24154666666667,50.23525333333335,57.85045333333332,57.89472000000001,62.10624,60.313386666666666,60.25749333333333,56.959360000000004,56.85626666666667,55.976746666666656,55.93925333333331,52.42933333333334,52.40906666666667,45.553920000000005,45.51504,52.37317333333335,63.203359999999996,59.682133333333354,59.66266666666665,58.01520000000001,57.88410666666667,55.45706666666665,55.83893333333334,53.405653333333326,53.306346666666656,,,
76.09274666666667,71.27946666666665,68.99498666666665,67.03344,67.05583999999999,59.561440000000005,59.25503999999999,67.34378666666666,73.54389333333333,71.23072,71.21146666666667,68.31669333333332,68.33269333333335,67.05594666666669,67.06128000000001,63.63770666666666,63.74986666666666,56.98175999999998,56.97322666666667,63.907573333333346,70.56586666666666,71.16709333333334,68.27839999999999,68.30869333333332,65.89994666666668,65.69370666666667,63.55205333333336,63.81354666666666,61.84506666666667,61.818400000000004,54.13056000000001,54.16245333333334,62.07114666666666,62.06080000000001,68.10736000000001,67.77114666666667,64.41674666666664,64.45733333333331,62.68613333333332,62.62970666666668,60.46938666666667,60.47930666666668,58.19728000000003,57.977599999999974,50.188853333333334,50.22576,57.82895999999998,57.87237333333334,62.12095999999999,60.202826666666674,60.15664000000001,56.979626666666675,56.881973333333335,55.90741333333333,55.908053333333335,52.4472,52.43168000000002,45.61888,45.62901333333333,52.388213333333354,63.18207999999998,59.66127999999997,59.67002666666667,57.978346666666646,57.848533333333336,55.46191999999998,55.72202666666666,53.42719999999999,53.31903999999998,45.517920000000004,,
81.67429333333334,76.60314666666665,75.36255999999999,72.34512,72.48288000000001,67.62965333333334,67.22938666666666,68.07610666666665,79.54175999999997,76.55850666666667,76.57818666666667,74.52138666666666,74.52949333333332,72.52773333333333,72.46399999999998,69.77194666666668,69.86618666666668,64.16053333333332,63.96591999999997,65.42714666666667,76.39909333333334,76.56512,74.48698666666665,74.55136,71.35839999999997,71.34282666666667,69.41402666666666,69.91008000000002,67.22069333333334,67.19231999999998,62.24474666666665,62.22655999999999,62.83568,62.87365333333335,73.57343999999999,73.93749333333331,70.23071999999999,70.23056,68.74224000000001,68.79605333333335,66.12741333333332,66.13562666666665,64.50576,64.30298666666667,57.80405333333331,57.784053333333325,59.49946666666667,59.49599999999999,67.61989333333332,64.63461333333335,64.64197333333335,62.56847999999998,62.398773333333324,61.02911999999999,61.318079999999995,57.64442666666667,57.60031999999999,52.21626666666668,52.233973333333324,53.02725333333334,69.13946666666666,65.47855999999997,65.46261333333334,63.854773333333334,64.02352,61.25642666666667,61.36245333333332,59.71269333333335,59.630613333333336,53.13584000000002,53.024106666666675,
